{
  "basic_statistics": {
    "age": {
      "count": 4.0,
      "mean": 0.49999999999999994,
      "std": 0.4303314829119351,
      "min": 0.0,
      "25%": 0.2499999999999999,
      "50%": 0.5,
      "75%": 0.75,
      "max": 0.9999999999999998
    },
    "score": {
      "count": 4.0,
      "mean": 0.5535714285714286,
      "std": 0.42207375955323423,
      "min": 0.0,
      "25%": 0.375,
      "50%": 0.6071428571428572,
      "75%": 0.7857142857142858,
      "max": 1.0
    },
    "age_score_interaction": {
      "count": 4.0,
      "mean": 0.26190476190476186,
      "std": 0.3400680204068024,
      "min": 0.0,
      "25%": 0.0,
      "50%": 0.1666666666666666,
      "75%": 0.4285714285714285,
      "max": 0.7142857142857143
    }
  },
  "correlation_matrix": {
    "age": {
      "age": 1.0,
      "score": -0.10923906912979299,
      "age_score_interaction": 0.6869464497590777
    },
    "score": {
      "age": -0.10923906912979299,
      "score": 1.0,
      "age_score_interaction": 0.6121797663485867
    },
    "age_score_interaction": {
      "age": 0.6869464497590777,
      "score": 0.6121797663485867,
      "age_score_interaction": 1.0
    }
  }
}