name,status,age,score
Alice,active,0.0,0.5
Bob,active,0.33333333333333326,1.0
David,active,0.6666666666666667,0.0
Frank,active,0.9999999999999998,0.7142857142857144
